<beans xmlns="http://www.springframework.org/schema/beans"
		xmlns:xsi="http://www.w3.org/2001/XMLSchema-instance"
        xmlns:p="http://www.springframework.org/schema/p"
		xsi:schemaLocation="
			http://www.springframework.org/schema/beans	http://www.springframework.org/schema/beans/spring-beans-2.5.xsd">

	<!-- Configuration for in-memory HSQL database. -->

	<!-- set up hibernate on HSQL -->
	<bean id="sessionFactory" class="org.springframework.orm.hibernate3.LocalSessionFactoryBean">
		<property name="dataSource" ref="dataSource" />
		<property name="configLocations">
			<list>
				<value>classpath:frontlinesms.hibernate.cfg.xml</value>
				<value>classpath:net/frontlinesms/plugins/forms/frontlineforms.hibernate.cfg.xml</value>
			</list>
		</property>
		<property name="configurationClass">
			<value>org.hibernate.cfg.AnnotationConfiguration</value>
		</property>
		<property name="hibernateProperties" ref="hibernateProperties"/>
	</bean>

	<!-- import main definition from within FrontlineSMS package.  This should not be changed. -->
	<import resource="classpath:frontlinesms-spring-hibernate.xml" />

	<bean id="hibernateProperties" class="org.springframework.beans.factory.config.PropertiesFactoryBean">
		<property name="properties">
			<props>
				<prop key="hibernate.dialect">org.hibernate.dialect.MySQLDialect</prop>
				<prop key="hibernate.hbm2ddl.auto">update</prop>
			</props>
		</property>
	</bean>

	<bean id="dataSource" class="org.springframework.jdbc.datasource.SimpleDriverDataSource">
		<property name="driverClass" value="com.mysql.jdbc.Driver" />
		<property name="url" value="jdbc:mysql://localhost:3306/frontlinesms" />
		<property name="username" value="frontline" />
		<property name="password" value="secret" />
	</bean>
</beans>